{
  "function": "bin.evaluate.main",
  "experiments": [
    {
      "config": {
        "seed": 0,
        "batch_size": 512,
        "n_epochs": -1,
        "patience": 16,
        "gradient_clipping_norm": 1.0,
        "save_checkpoint": false,
        "data": {
          "path": "data/diamond",
          "num_policy": "noisy-quantile",
          "cat_policy": "ordinal",
          "cache": true
        },
        "model": {
          "type": "mlp",
          "backbone": {
            "n_blocks": 6,
            "d_block": 64,
            "dropout": 0.0
          }
        },
        "optimizer": {
          "ema_decay": 0.9052459162761789,
          "betas": [
            0.9,
            0.999
          ],
          "eps": 1e-08,
          "lr": 4.246768514670961e-05,
          "weight_decay": 0.04799815833516501,
          "muon": {
            "lr": 0.011023924977227068
          },
          "type": "Muon"
        }
      },
      "report": {
        "function": "bin.ffn.main",
        "gpu": "NVIDIA A100-SXM4-80GB",
        "n_parameters": 22593,
        "prediction_type": "labels",
        "epoch_size": 68,
        "best_step": 1224,
        "metrics": {
          "train": {
            "rmse": 0.1253495247052041,
            "mae": 0.06727935373783112,
            "r2": 0.9842132925987244,
            "score": -0.1253495247052041
          },
          "val": {
            "rmse": 0.1317935380925915,
            "mae": 0.0702909603714943,
            "r2": 0.9830330014228821,
            "score": -0.1317935380925915
          },
          "test": {
            "rmse": 0.140091586404942,
            "mae": 0.07142628729343414,
            "r2": 0.9802955389022827,
            "score": -0.140091586404942
          }
        },
        "time": 22.778448747470975,
        "eval_batch_size": 32768
      }
    },
    {
      "config": {
        "seed": 1,
        "batch_size": 512,
        "n_epochs": -1,
        "patience": 16,
        "gradient_clipping_norm": 1.0,
        "save_checkpoint": false,
        "data": {
          "path": "data/diamond",
          "num_policy": "noisy-quantile",
          "cat_policy": "ordinal",
          "cache": true
        },
        "model": {
          "type": "mlp",
          "backbone": {
            "n_blocks": 6,
            "d_block": 64,
            "dropout": 0.0
          }
        },
        "optimizer": {
          "ema_decay": 0.9052459162761789,
          "betas": [
            0.9,
            0.999
          ],
          "eps": 1e-08,
          "lr": 4.246768514670961e-05,
          "weight_decay": 0.04799815833516501,
          "muon": {
            "lr": 0.011023924977227068
          },
          "type": "Muon"
        }
      },
      "report": {
        "function": "bin.ffn.main",
        "gpu": "NVIDIA A100-SXM4-80GB",
        "n_parameters": 22593,
        "prediction_type": "labels",
        "epoch_size": 68,
        "best_step": 1292,
        "metrics": {
          "train": {
            "rmse": 0.1245200846236402,
            "mae": 0.06694342941045761,
            "r2": 0.9844215512275696,
            "score": -0.1245200846236402
          },
          "val": {
            "rmse": 0.13281867770244693,
            "mae": 0.07111366838216782,
            "r2": 0.9827679991722107,
            "score": -0.13281867770244693
          },
          "test": {
            "rmse": 0.1358559632489899,
            "mae": 0.07121993601322174,
            "r2": 0.9814690351486206,
            "score": -0.1358559632489899
          }
        },
        "time": 23.96949735004455,
        "eval_batch_size": 32768
      }
    },
    {
      "config": {
        "seed": 2,
        "batch_size": 512,
        "n_epochs": -1,
        "patience": 16,
        "gradient_clipping_norm": 1.0,
        "save_checkpoint": false,
        "data": {
          "path": "data/diamond",
          "num_policy": "noisy-quantile",
          "cat_policy": "ordinal",
          "cache": true
        },
        "model": {
          "type": "mlp",
          "backbone": {
            "n_blocks": 6,
            "d_block": 64,
            "dropout": 0.0
          }
        },
        "optimizer": {
          "ema_decay": 0.9052459162761789,
          "betas": [
            0.9,
            0.999
          ],
          "eps": 1e-08,
          "lr": 4.246768514670961e-05,
          "weight_decay": 0.04799815833516501,
          "muon": {
            "lr": 0.011023924977227068
          },
          "type": "Muon"
        }
      },
      "report": {
        "function": "bin.ffn.main",
        "gpu": "NVIDIA A100-SXM4-80GB",
        "n_parameters": 22593,
        "prediction_type": "labels",
        "epoch_size": 68,
        "best_step": 1836,
        "metrics": {
          "train": {
            "rmse": 0.12047270366969198,
            "mae": 0.06522887200117111,
            "r2": 0.9854177832603455,
            "score": -0.12047270366969198
          },
          "val": {
            "rmse": 0.13333876910404516,
            "mae": 0.07122581452131271,
            "r2": 0.9826328158378601,
            "score": -0.13333876910404516
          },
          "test": {
            "rmse": 0.13622230587365838,
            "mae": 0.07096035033464432,
            "r2": 0.9813689589500427,
            "score": -0.13622230587365838
          }
        },
        "time": 29.378253092989326,
        "eval_batch_size": 32768
      }
    },
    {
      "config": {
        "seed": 3,
        "batch_size": 512,
        "n_epochs": -1,
        "patience": 16,
        "gradient_clipping_norm": 1.0,
        "save_checkpoint": false,
        "data": {
          "path": "data/diamond",
          "num_policy": "noisy-quantile",
          "cat_policy": "ordinal",
          "cache": true
        },
        "model": {
          "type": "mlp",
          "backbone": {
            "n_blocks": 6,
            "d_block": 64,
            "dropout": 0.0
          }
        },
        "optimizer": {
          "ema_decay": 0.9052459162761789,
          "betas": [
            0.9,
            0.999
          ],
          "eps": 1e-08,
          "lr": 4.246768514670961e-05,
          "weight_decay": 0.04799815833516501,
          "muon": {
            "lr": 0.011023924977227068
          },
          "type": "Muon"
        }
      },
      "report": {
        "function": "bin.ffn.main",
        "gpu": "NVIDIA A100-SXM4-80GB",
        "n_parameters": 22593,
        "prediction_type": "labels",
        "epoch_size": 68,
        "best_step": 2856,
        "metrics": {
          "train": {
            "rmse": 0.11908558449645622,
            "mae": 0.06350068002939224,
            "r2": 0.9857516884803772,
            "score": -0.11908558449645622
          },
          "val": {
            "rmse": 0.1339801342796311,
            "mae": 0.07033699750900269,
            "r2": 0.9824653267860413,
            "score": -0.1339801342796311
          },
          "test": {
            "rmse": 0.13663072477127805,
            "mae": 0.06919144839048386,
            "r2": 0.9812570810317993,
            "score": -0.13663072477127805
          }
        },
        "time": 39.28096799273044,
        "eval_batch_size": 32768
      }
    },
    {
      "config": {
        "seed": 4,
        "batch_size": 512,
        "n_epochs": -1,
        "patience": 16,
        "gradient_clipping_norm": 1.0,
        "save_checkpoint": false,
        "data": {
          "path": "data/diamond",
          "num_policy": "noisy-quantile",
          "cat_policy": "ordinal",
          "cache": true
        },
        "model": {
          "type": "mlp",
          "backbone": {
            "n_blocks": 6,
            "d_block": 64,
            "dropout": 0.0
          }
        },
        "optimizer": {
          "ema_decay": 0.9052459162761789,
          "betas": [
            0.9,
            0.999
          ],
          "eps": 1e-08,
          "lr": 4.246768514670961e-05,