{
    "function": "bin.tune.main",
    "best": {
        "config": {
            "seed": 0,
            "batch_size": 1024,
            "n_epochs": -1,
            "patience": 16,
            "gradient_clipping_norm": 1.0,
            "save_checkpoint": false,
            "data": {
                "path": "data/homecredit-default",
                "num_policy": "noisy-quantile",
                "bin_policy": "convert-to-cat",
                "cat_policy": "ordinal",
                "cache": true
            },
            "model": {
                "type": "mlp",
                "backbone": {
                    "n_blocks": 1,
                    "d_block": 368,
                    "dropout": 0.0
                }
            },
            "optimizer": {
                "type": "AdaBelief",
                "lr": 7.254867289723222e-05,
                "weight_decay": 2.852383400664875
            }
        },
        "report": {
            "function": "bin.ffn.main",
            "gpu": "NVIDIA A100-SXM4-80GB",
            "n_parameters": 363953,
            "prediction_type": "probs",
            "epoch_size": 262,
            "best_step": 11004,
            "metrics": {
                "train": {
                    "0": {
                        "precision": 0.9695199437866284,
                        "recall": 0.9999344676848589,
                        "f1-score": 0.9844923581407529,
                        "support": 259414.0
                    },
                    "1": {
                        "precision": 0.8172043010752689,
                        "recall": 0.00923338597983234,
                        "f1-score": 0.01826045170591062,
                        "support": 8231.0
                    },
                    "accuracy": 0.9694670178781595,
                    "macro avg": {
                        "precision": 0.8933621224309487,
                        "recall": 0.5045839268323457,
                        "f1-score": 0.5013764049233318,
                        "support": 267645.0
                    },
                    "weighted avg": {
                        "precision": 0.9648357163392365,
                        "recall": 0.9694670178781595,
                        "f1-score": 0.9547774192408474,
                        "support": 267645.0
                    },
                    "cross-entropy": 0.10346918724288177,
                    "roc-auc": 0.8770727661653636,
                    "score": 0.8770727661653636
                },
                "val": {
                    "0": {
                        "precision": 0.9555547893248741,
                        "recall": 0.9999097977665927,
                        "f1-score": 0.97722925023141,
                        "support": 55431.0
                    },
                    "1": {
                        "precision": 0.6428571428571429,
                        "recall": 0.003478933127174333,
                        "f1-score": 0.006920415224913495,
                        "support": 2587.0
                    },
                    "accuracy": 0.9554793339997931,
                    "macro avg": {
                        "precision": 0.7992059660910085,
                        "recall": 0.5016943654468835,
                        "f1-score": 0.49207483272816177,
                        "support": 58018.0
                    },
                    "weighted avg": {
                        "precision": 0.9416117231831247,
                        "recall": 0.9554793339997931,
                        "f1-score": 0.9339635575815117,
                        "support": 58018.0
                    },
                    "cross-entropy": 0.1544670948681835,
                    "roc-auc": 0.8368022664602985,
                    "score": 0.8368022664602985
                },
                "test": {
                    "0": {
                        "precision": 0.9782092271420151,
                        "recall": 0.9999087124808296,
                        "f1-score": 0.9889399507037803,
                        "support": 54772.0
                    },
                    "1": {
                        "precision": 0.6428571428571429,
                        "recall": 0.007323026851098454,
                        "f1-score": 0.014481094127111826,
                        "support": 1229.0
                    },
                    "accuracy": 0.9781253906180247,
                    "macro avg": {
                        "precision": 0.8105331849995789,
                        "recall": 0.503615869665964,
                        "f1-score": 0.501710522415446,
                        "support": 56001.0
                    },
                    "weighted avg": {
                        "precision": 0.9708495780002835,
                        "recall": 0.9781253906180247,
                        "f1-score": 0.9675544408962282,
                        "support": 56001.0
                    },
                    "cross-entropy": 0.08484159440282772,
                    "roc-auc": 0.8548719933575368,
                    "score": 0.8548719933575368
                }
            },
            "time": 80.43701415322721,
            "eval_batch_size": 32768,
            "tuning": {
                "trial_id": 92,
                "time": 5803.982024922036
            }
        }
    },
    "time": 6341.184614378959,
    "n_completed_trials": 100
}