{
    "function": "bin.tune.main",
    "best": {
        "config": {
            "seed": 0,
            "batch_size": 256,
            "n_epochs": -1,
            "patience": 16,
            "gradient_clipping_norm": 1.0,
            "share_training_batches": false,
            "save_checkpoint": false,
            "data": {
                "path": "data/churn",
                "num_policy": "noisy-quantile",
                "bin_policy": "convert-to-cat",
                "cat_policy": "ordinal",
                "cache": true
            },
            "model": {
                "type": "tabm",
                "backbone": {
                    "arch_type": "tabm-packed",
                    "k": 16,
                    "n_blocks": 1,
                    "d_block": 144,
                    "dropout": 0.0
                }
            },
            "optimizer": {
                "type": "AdamW",
                "lr": 0.0034724838067825034,
                "weight_decay": 0.17292229623080407
            }
        },
        "report": {
            "function": "bin.ffn.main",
            "gpu": "NVIDIA A100-SXM4-40GB",
            "n_parameters": 41488,
            "prediction_type": "probs",
            "epoch_size": 25,
            "best_step": 1200,
            "metrics": {
                "train": {
                    "0": {
                        "precision": 0.8865644724977457,
                        "recall": 0.9646781789638933,
                        "f1-score": 0.9239733107790621,
                        "support": 5096.0
                    },
                    "1": {
                        "precision": 0.7894736842105263,
                        "recall": 0.5176380368098159,
                        "f1-score": 0.6252894858730894,
                        "support": 1304.0
                    },
                    "accuracy": 0.87359375,
                    "macro avg": {
                        "precision": 0.838019078354136,
                        "recall": 0.7411581078868545,
                        "f1-score": 0.7746313983260757,
                        "support": 6400.0
                    },
                    "weighted avg": {
                        "precision": 0.8667822243842247,
                        "recall": 0.87359375,
                        "f1-score": 0.8631164814544701,
                        "support": 6400.0
                    },
                    "cross-entropy": 0.29953440736037307,
                    "roc-auc": 0.8990831555604781,
                    "score": 0.87359375
                },
                "val": {
                    "0": {
                        "precision": 0.8847262247838616,
                        "recall": 0.9638932496075353,
                        "f1-score": 0.9226145755071374,
                        "support": 1274.0
                    },
                    "1": {
                        "precision": 0.7830188679245284,
                        "recall": 0.50920245398773,
                        "f1-score": 0.6171003717472119,
                        "support": 326.0
                    },
                    "accuracy": 0.87125,
                    "macro avg": {
                        "precision": 0.8338725463541949,
                        "recall": 0.7365478517976327,
                        "f1-score": 0.7698574736271746,
                        "support": 1600.0
                    },
                    "weighted avg": {
                        "precision": 0.8640033508237726,
                        "recall": 0.87125,
                        "f1-score": 0.8603660564910526,
                        "support": 1600.0
                    },
                    "cross-entropy": 0.3342758338217389,
                    "roc-auc": 0.8658300507555546,
                    "score": 0.87125
                },
                "test": {
                    "0": {
                        "precision": 0.8762886597938144,
                        "recall": 0.96045197740113,
                        "f1-score": 0.9164420485175202,
                        "support": 1593.0
                    },
                    "1": {
                        "precision": 0.7519685039370079,
                        "recall": 0.4692874692874693,
                        "f1-score": 0.5779122541603631,
                        "support": 407.0
                    },
                    "accuracy": 0.8605,
                    "macro avg": {
                        "precision": 0.8141285818654111,
                        "recall": 0.7148697233442997,
                        "f1-score": 0.7471771513389416,
                        "support": 2000.0
                    },
                    "weighted avg": {
                        "precision": 0.8509895080769543,
                        "recall": 0.8605,
                        "f1-score": 0.8475512353658387,
                        "support": 2000.0
                    },
                    "cross-entropy": 0.3414701191119075,
                    "roc-auc": 0.8578964172184511,
                    "score": 0.8605
                }
            },
            "time": 4.325558118056506,
            "eval_batch_size": 32768,
            "trial_id": 83,
            "tuning_time": 361.5520530678332
        }
    },
    "time": 431.7339784828946,
    "n_completed_trials": 100
}