{
    "function": "bin.tune.main",
    "best": {
        "config": {
            "seed": 0,
            "batch_size": 512,
            "n_epochs": -1,
            "patience": 16,
            "gradient_clipping_norm": 1.0,
            "share_training_batches": false,
            "save_checkpoint": false,
            "data": {
                "path": "data/otto",
                "cache": true
            },
            "model": {
                "type": "tabm",
                "backbone": {
                    "arch_type": "tabm",
                    "k": 16,
                    "n_blocks": 3,
                    "d_block": 944,
                    "dropout": 0.23876300979168544
                }
            },
            "optimizer": {
                "type": "AdamW",
                "lr": 0.0020314573238976188,
                "weight_decay": 0.004240500627107807
            }
        },
        "report": {
            "function": "bin.ffn.main",
            "gpu": "NVIDIA A100-SXM4-40GB",
            "n_parameters": 2128464,
            "prediction_type": "probs",
            "epoch_size": 78,
            "best_step": 4992,
            "metrics": {
                "train": {
                    "0": {
                        "precision": 0.9945848375451264,
                        "recall": 0.8923076923076924,
                        "f1-score": 0.9406743491250533,
                        "support": 1235.0
                    },
                    "1": {
                        "precision": 0.8998057174576741,
                        "recall": 0.942624539639465,
                        "f1-score": 0.9207175652009277,
                        "support": 10318.0
                    },
                    "2": {
                        "precision": 0.8579591836734693,
                        "recall": 0.8207731354939477,
                        "f1-score": 0.8389543005388146,
                        "support": 5122.0
                    },
                    "3": {
                        "precision": 0.9757853403141361,
                        "recall": 0.8658536585365854,
                        "f1-score": 0.9175384615384615,
                        "support": 1722.0
                    },
                    "4": {
                        "precision": 0.9960159362549801,
                        "recall": 0.9982886480319453,
                        "f1-score": 0.9971509971509972,
                        "support": 1753.0
                    },
                    "5": {
                        "precision": 0.9913573407202216,
                        "recall": 0.9890559363254477,
                        "f1-score": 0.9902053013114935,
                        "support": 9046.0
                    },
                    "6": {
                        "precision": 0.9590481460985059,
                        "recall": 0.9537699504678041,
                        "f1-score": 0.9564017660044151,
                        "support": 1817.0
                    },
                    "7": {
                        "precision": 0.9885482083487255,
                        "recall": 0.9880007384160975,
                        "f1-score": 0.988274397562552,
                        "support": 5417.0
                    },
                    "8": {
                        "precision": 0.9591146633876422,
                        "recall": 0.9839167455061495,
                        "f1-score": 0.9713574097135741,
                        "support": 3171.0
                    },
                    "accuracy": 0.945051892628974,
                    "macro avg": {
                        "precision": 0.9580243748667202,
                        "recall": 0.9371767827472373,
                        "f1-score": 0.9468082831273654,
                        "support": 39601.0
                    },
                    "weighted avg": {
                        "precision": 0.9454311791619229,
                        "recall": 0.945051892628974,
                        "f1-score": 0.9448161267982935,
                        "support": 39601.0
                    },
                    "cross-entropy": 0.19504105413033354,
                    "score": 0.945051892628974
                },
                "val": {
                    "0": {
                        "precision": 0.7100840336134454,
                        "recall": 0.5487012987012987,
                        "f1-score": 0.6190476190476191,
                        "support": 308.0
                    },
                    "1": {
                        "precision": 0.7763953075008887,
                        "recall": 0.8465116279069768,
                        "f1-score": 0.8099388095679585,
                        "support": 2580.0
                    },
                    "2": {
                        "precision": 0.6550847457627119,
                        "recall": 0.6034348165495707,
                        "f1-score": 0.6281999187322227,
                        "support": 1281.0
                    },
                    "3": {
                        "precision": 0.7627627627627628,
                        "recall": 0.5893271461716937,
                        "f1-score": 0.6649214659685864,
                        "support": 431.0
                    },
                    "4": {
                        "precision": 0.9792147806004619,
                        "recall": 0.9680365296803652,
                        "f1-score": 0.9735935706084959,
                        "support": 438.0
                    },
                    "5": {
                        "precision": 0.9520394441954281,
                        "recall": 0.9389920424403183,
                        "f1-score": 0.945470732250167,
                        "support": 2262.0
                    },
                    "6": {
                        "precision": 0.7521929824561403,
                        "recall": 0.7555066079295154,
                        "f1-score": 0.7538461538461538,
                        "support": 454.0
                    },
                    "7": {
                        "precision": 0.9170872386445565,
                        "recall": 0.9394387001477105,
                        "f1-score": 0.9281284202845677,
                        "support": 1354.0
                    },
                    "8": {
                        "precision": 0.8518072289156626,
                        "recall": 0.8915510718789408,
                        "f1-score": 0.8712261244608749,
                        "support": 793.0
                    },
                    "accuracy": 0.8332491667508333,
                    "macro avg": {
                        "precision": 0.8174076138280064,
                        "recall": 0.7868333157118211,
                        "f1-score": 0.7993747571962939,
                        "support": 9901.0
                    },
                    "weighted avg": {
                        "precision": 0.8313144379498048,
                        "recall": 0.8332491667508333,
                        "f1-score": 0.8308774037941389,
                        "support": 9901.0
                    },
                    "cross-entropy": 0.44220704581658155,
                    "score": 0.8332491667508333
                },
                "test": {
                    "0": {
                        "precision": 0.7077922077922078,
                        "recall": 0.5647668393782384,
                        "f1-score": 0.6282420749279539,
                        "support": 386.0
                    },
                    "1": {
                        "precision": 0.7717391304347826,
                        "recall": 0.836848635235732,
                        "f1-score": 0.8029761904761905,
                        "support": 3224.0
                    },
                    "2": {
                        "precision": 0.6232464929859719,
                        "recall": 0.5827607745159276,